Date,NAV,PnL
2020-11-14,1.0,0.0
2020-11-15,1.0024698684267606,0.0024698684267605575
2020-11-16,1.0077470015366516,0.005277133109891086
2020-11-17,1.0165411302889826,0.008794128752330987
2020-11-18,1.014414929785475,-0.002126200503507647
2020-11-19,1.007831681852037,-0.006583247933438008
2020-11-20,1.0149130200745202,0.007081338222483247
2020-11-21,1.0349547160732377,0.020041695998717524
2020-11-22,1.0476509340386326,0.012696217965394885
2020-11-23,1.0537703936948175,0.006119459656184878
2020-11-24,1.0473053755622244,-0.006465018132593148
2020-11-25,1.0632154244990872,0.015910048936862875
2020-11-26,1.0772050431581657,0.01398961865907844
2020-11-27,1.0835363325754674,0.006331289417301766
2020-11-28,1.0922813789048844,0.008745046329416972
2020-11-29,1.1016219331675012,0.009340554262616818
2020-11-30,1.1215102178322056,0.01988828466470438
2020-12-01,1.1359165939119609,0.014406376079755256
2020-12-02,1.1335605035866623,-0.0023560903252985987
2020-12-03,1.1367715688569906,0.0032110652703283282
2020-12-04,1.1377450360502326,0.0009734671932419836
2020-12-05,1.145312875026823,0.007567838976590524
2020-12-06,1.1607713296952131,0.01545845466839002
2020-12-07,1.153395548074602,-0.007375781620611033
2020-12-08,1.1589208249359317,0.005525276861329642
2020-12-09,1.1607166216984963,0.0017957967625645832
2020-12-10,1.1750646569111776,0.014348035212681243
2020-12-11,1.1656574616079887,-0.009407195303188898
2020-12-12,1.1690363692573817,0.0033789076493930814
2020-12-13,1.1779117179414549,0.008875348684073137
2020-12-14,1.1803799380110396,0.0024682200695846923
2020-12-15,1.187667348609921,0.007287410598881383
2020-12-16,1.2116779453758053,0.02401059676588435
2020-12-17,1.2416475701099505,0.029969624734145217
2020-12-18,1.2339416873763347,-0.007705882733615832
2020-12-19,1.2320681258666768,-0.001873561509657895
2020-12-20,1.2260236904299435,-0.006044435436733275
2020-12-21,1.2218104551632973,-0.004213235266646187
2020-12-22,1.2321042487507623,0.010293793587464961
2020-12-23,1.2458707842800223,0.013766535529259993
2020-12-24,1.2740613850534208,0.028190600773398522
2020-12-25,1.2700610408342625,-0.004000344219158292
2020-12-26,1.2700463403248297,-1.4700509432863385e-05
2020-12-27,1.264067872696491,-0.005978467628338757
2020-12-28,1.270141825551438,0.006073952854947162
2020-12-29,1.2949126544606835,0.024770828909245424
2020-12-30,1.2988097022267786,0.0038970477660951186
2020-12-31,1.292047345924207,-0.006762356302571604
2021-01-01,1.2975791074655363,0.005531761541329283
2021-01-02,1.30816945844217,0.010590350976633633
2021-01-03,1.3916143170366821,0.08344485859451223
2021-01-04,1.3880122736547087,-0.003602043381973452
2021-01-05,1.4424666618914586,0.05445438823674986
2021-01-06,1.4650636791087255,0.022597017217266924
2021-01-07,1.493514890231276,0.028451211122550557
2021-01-08,1.5725857610918712,0.07907087086059517
2021-01-09,1.606305276608154,0.03371951551628283
2021-01-10,1.613800039482654,0.007494762874499905
2021-01-11,1.7167348378628424,0.10293479838018849
2021-01-12,1.753184357741608,0.036449519878765546
2021-01-13,1.7842079688485568,0.031023611106948845
2021-01-14,1.7809756744920484,-0.003232294356508403
2021-01-15,1.7847787253522094,0.0038030508601609725
2021-01-16,1.8256233024913349,0.04084457713912548
2021-01-17,1.8419734515740556,0.0163501490827207
2021-01-18,1.868299424650053,0.02632597307599749
2021-01-19,1.9207262999204413,0.05242687527038825
2021-01-20,1.9620937964421274,0.04136749652168614
2021-01-21,1.9845618310469795,0.022468034604852027
2021-01-22,2.026711809966208,0.04214997891922856
2021-01-23,2.0343922930610168,0.007680483094808732
2021-01-24,2.0716425622876735,0.03725026922665675
2021-01-25,2.122541715439511,0.050899153151837684
2021-01-26,2.116840538260431,-0.00570117717908003
2021-01-27,2.169086284211084,0.0522457459506529
2021-01-28,2.2261333300362347,0.05704704582515063
2021-01-29,2.2751906464573493,0.04905731642111455
2021-01-30,2.3097366852240113,0.03454603876666207
2021-01-31,2.3256045075839826,0.015867822359971306
2021-02-01,2.3594175882262243,0.033813080642241644
2021-02-02,2.4092395961479913,0.04982200792176705
2021-02-03,2.463305753735574,0.05406615758758271
2021-02-04,2.5230587807539364,0.05975302701836238
2021-02-05,2.5279776409883294,0.00491886023439303
2021-02-06,2.530136668067655,0.0021590270793256927
2021-02-07,2.5745737529618467,0.044437084894191514
2021-02-08,2.617689488368906,0.043115735407059486
2021-02-09,2.6391880561981047,0.021498567829198567
2021-02-10,2.681718686857962,0.042530630659857405
2021-02-11,2.670874820849379,-0.010843866008583003
2021-02-12,2.703317670357666,0.03244284950828691
2021-02-13,2.7113021181311696,0.0079844477735036
2021-02-14,2.6960475652978846,-0.015254552833285029
2021-02-15,2.743116188320689,0.047068623022804346
2021-02-16,2.75693554396492,0.013819355644231202
2021-02-17,2.7699131145422093,0.01297757057728921
2021-02-18,2.7880699587437014,0.018156844201492106
2021-02-19,2.7911356607170563,0.003065701973354873
2021-02-20,2.840053066688216,0.04891740597115968
2021-02-21,2.8391630603457623,-0.0008900063424537308
2021-02-22,2.948613439677591,0.10945037933182888
2021-02-23,3.1378603734513293,0.18924693377373814
2021-02-24,3.1637599095810818,0.025899536129752487
2021-02-25,3.237014819528563,0.0732549099474813
2021-02-26,3.229981611483883,-0.007033208044679995
2021-02-27,3.2271435504845507,-0.00283806099933237
2021-02-28,3.268300497346564,0.04115694686201321
2021-03-01,3.283573801025152,0.015273303678588146
2021-03-02,3.30541798276242,0.021844181737268098
2021-03-03,3.367868948895963,0.06245096613354306
2021-03-04,3.345254672860697,-0.022614276035266112
2021-03-05,3.39728316891999,0.05202849605929272
2021-03-06,3.4938008629303563,0.09651769401036647
2021-03-07,3.5313706614293747,0.037569798499018425
2021-03-08,3.5509708578625063,0.0196001964331316
2021-03-09,3.5658275942649107,0.014856736402404369
2021-03-10,3.5730042864636005,0.007176692198689771
2021-03-11,3.5916893092563864,0.018685022792785944
2021-03-12,3.6309413380106204,0.03925202875423395
2021-03-13,3.732362017998048,0.10142067998742776
2021-03-14,3.750535941576689,0.01817392357864067
2021-03-15,3.759495975772851,0.008960034196162425
2021-03-16,3.7563188549010516,-0.0031771208717996657
2021-03-17,3.76071237536566,0.0043935204646086135
2021-03-18,3.7667518266134024,0.006039451247742189
2021-03-19,3.8021404369712077,0.03538861035780538
2021-03-20,3.783888110578276,-0.018252326392931728
2021-03-21,3.8082986827673824,0.02441057218910636
2021-03-22,3.790933831773476,-0.017364850993906167
2021-03-23,3.7920392032312176,0.0011053714577413665
2021-03-24,3.8396159051787393,0.04757670194752173
2021-03-25,3.819541680507242,-0.02007422467149711
2021-03-26,3.838585531638327,0.019043851131084644
2021-03-27,3.8152715917996725,-0.023313939838654374
2021-03-28,3.7926128340031466,-0.02265875779652582
2021-03-29,3.849329635005409,0.05671680100226251
2021-03-30,3.8485920138810235,-0.00073762112438569
2021-03-31,3.874140490748892,0.02554847686786843
2021-04-01,3.8690252327573953,-0.005115257991496591
2021-04-02,3.9552892724235496,0.08626403966615426
2021-04-03,3.9294128668260546,-0.025876405597494934
2021-04-04,3.937337299922545,0.007924433096490269
2021-04-05,3.9406980745691853,0.0033607746466404187
2021-04-06,3.9785338938968464,0.03783581932766111
2021-04-07,4.009687223167111,0.031153329270264596
2021-04-08,4.018627650524309,0.008940427357197578
2021-04-09,4.017988925741827,-0.0006387247824815034
2021-04-10,4.036968161208539,0.018979235466711764
2021-04-11,4.040486541183353,0.0035183799748139677
2021-04-12,4.035151460024174,-0.0053350811591785785
2021-04-13,4.105121260548761,0.06996980052458657
2021-04-14,4.20937254544775,0.10425128489898938
2021-04-15,4.200630957526315,-0.008741587921434757
2021-04-16,4.180446289712388,-0.02018466781392725
2021-04-17,4.237696327313336,0.057250037600947934
2021-04-18,4.4368479801256795,0.19915165281234337
2021-04-19,4.409940507079587,-0.026907473046092534
2021-04-20,4.468452014368016,0.05851150728842924
2021-04-21,4.501595783040909,0.03314376867289237
2021-04-22,4.553295376145909,0.05169959310500083
2021-04-23,4.566641060996473,0.013345684850563977
2021-04-24,4.550474615130035,-0.016166445866438117
2021-04-25,4.616212035984189,0.06573742085415368
2021-04-26,4.699228466618717,0.0830164306345278
2021-04-27,4.6751315295336795,-0.02409693708503724
2021-04-28,4.682916757582298,0.0077852280486183645
2021-04-29,4.668404892617565,-0.014511864964732446
2021-04-30,4.64645048922986,-0.02195440338770549
2021-05-01,4.693616633220377,0.047166143990517106
2021-05-02,4.6907735846794045,-0.0028430485409725037
2021-05-03,4.842912499784444,0.15213891510503963
2021-05-04,4.892537746293014,0.04962524650856981
2021-05-05,4.9349488896675915,0.04241114337457752
2021-05-06,4.959599992945266,0.024651103277674835
2021-05-07,5.08963014761337,0.13003015466810375
2021-05-08,5.198266997721188,0.10863685010781765
2021-05-09,5.162978506054491,-0.03528849166669712
2021-05-10,5.209540083358713,0.04656157730422272
2021-05-11,5.2840216904129464,0.07448160705423312
2021-05-12,5.412524202928204,0.1285025125152579
2021-05-13,5.35514505885819,-0.057379144070014654
2021-05-14,5.404755568124601,0.04961050926641164
2021-05-15,5.52696034624862,0.12220477812401853
2021-05-16,5.567036921542032,0.04007657529341202
2021-05-17,5.588605062074095,0.021568140532062685
2021-05-18,5.696703191620705,0.1080981295466108
2021-05-19,5.999604531155508,0.30290133953480236
2021-05-20,6.296497607533761,0.2968930763782529
2021-05-21,6.546257751655203,0.2497601441214421
2021-05-22,6.652974868324137,0.10671711666893469
2021-05-23,7.159525431931358,0.5065505636072203
2021-05-24,7.614885954025784,0.4553605220944261
2021-05-25,7.4979020958845375,-0.11698385814124634
2021-05-26,7.622497478603548,0.1245953827190105
2021-05-27,7.7327307021695795,0.11023322356603149
2021-05-28,7.887847715029051,0.15511701285947144
2021-05-29,7.989221037459676,0.10137332243062502
2021-05-30,8.099075182788877,0.10985414532920057
2021-05-31,8.462098715172823,0.3630235323839468
2021-06-01,8.589866157362964,0.1277674421901409
2021-06-02,8.755908282328637,0.1660421249656725
2021-06-03,8.943493310867732,0.18758502853909498
2021-06-04,9.037861121166198,0.09436781029846664
2021-06-05,9.092912238753096,0.05505111758689729
2021-06-06,9.157879748720172,0.0649675099670759
2021-06-07,9.448215176107945,0.29033542738777385
2021-06-08,9.88488027951067,0.43666510340272424
2021-06-09,10.022145441456233,0.13726516194556382
2021-06-10,10.017875775897801,-0.004269665558432223
2021-06-11,9.99580166206335,-0.022074113834451126
2021-06-12,10.092499909608708,0.09669824754535838
2021-06-13,10.186607980829526,0.09410807122081799
2021-06-14,10.191667437449615,0.005059456620088554
2021-06-15,10.21240129591469,0.020733858465074917
2021-06-16,10.29225802858611,0.0798567326714199
2021-06-17,10.441195059016843,0.14893703043073359
2021-06-18,10.600871525133044,0.1596764661162009
2021-06-19,10.676122026647596,0.07525050151455126
2021-06-20,10.921429990594191,0.24530796394659582
2021-06-21,11.234137794995396,0.3127078044012048
2021-06-22,11.383498144641681,0.14936034964628497
2021-06-23,11.774240090564113,0.39074194592243217
2021-06-24,11.861956119529376,0.08771602896526254
2021-06-25,11.966626307675675,0.10467018814629903
2021-06-26,12.049915405234483,0.08328909755880787
2021-06-27,12.263835627291206,0.21392022205672312
2021-06-28,12.442783823990233,0.17894819669902695
2021-06-29,12.48156706054764,0.03878323655740701
2021-06-30,12.720144502885244,0.23857744233760414
2021-07-01,12.760050827281596,0.03990632439635178
2021-07-02,12.752311489926951,-0.007739337354644604
2021-07-03,12.87677433403003,0.1244628441030784
2021-07-04,13.033230649611363,0.15645631558133388
2021-07-05,13.21368534474953,0.1804546951381667
2021-07-06,13.362717122158429,0.14903177740889895
2021-07-07,13.545686560097916,0.18296943793948728
2021-07-08,13.862494703615376,0.31680814351745923
2021-07-09,13.972584505699386,0.1100898020840102
2021-07-10,13.98340310308588,0.010818597386494488
2021-07-11,14.018597137343534,0.03519403425765333
2021-07-12,14.252834841330039,0.2342377039865049
2021-07-13,14.173910920774379,-0.07892392055565978
2021-07-14,14.411228161283043,0.23731724050866454
2021-07-15,14.541040039733126,0.12981187845008257
2021-07-16,14.755690872226058,0.21465083249293215
2021-07-17,14.671036086173773,-0.08465478605228505
2021-07-18,14.849287094642452,0.17825100846867947
2021-07-19,14.939042418967068,0.08975532432461542
2021-07-20,14.938709462582791,-0.00033295638427688345
2021-07-21,15.313688009097005,0.3749785465142139
2021-07-22,15.321125012803378,0.007437003706373346
2021-07-23,15.40828544732187,0.08716043451849131
2021-07-24,15.436370223177725,0.02808477585585578
2021-07-25,15.43972547665976,0.0033552534820344704
2021-07-26,16.005680032373775,0.5659545557140149
2021-07-27,16.591149239800018,0.5854692074262431
2021-07-28,16.52615472427199,-0.06499451552802782
2021-07-29,16.430642633603373,-0.09551209066861688
2021-07-30,16.436870349517406,0.0062277159140329275
2021-07-31,16.58828299016377,0.15141264064636317
2021-08-01,16.575768280884105,-0.012514709279663805
2021-08-02,16.719037843674595,0.14326956279048986
2021-08-03,16.982214045191125,0.2631762015165293
2021-08-04,17.064596058993594,0.08238201380246934
2021-08-05,17.061557155056843,-0.003038903936751325
2021-08-06,16.92258641802551,-0.13897073703133245
2021-08-07,17.389908524607883,0.4673221065823725
2021-08-08,17.540691289966396,0.15078276535851387
2021-08-09,18.0290764570688,0.488385167102404
2021-08-10,18.109762461728714,0.08068600465991338
2021-08-11,18.168212933104364,0.05845047137565018
2021-08-12,18.329434127190503,0.16122119408613855
2021-08-13,18.58084568419205,0.25141155700154627
2021-08-14,18.478322940738302,-0.10252274345374701
2021-08-15,18.60254824941249,0.12422530867418757
2021-08-16,18.771303510603584,0.16875526119109452
2021-08-17,18.69279500254971,-0.07850850805387566
2021-08-18,18.71022551447361,0.017430511923901548
2021-08-19,18.923922763096098,0.21369724862248773
2021-08-20,18.838211791218598,-0.08571097187749999
2021-08-21,18.66982153515958,-0.16839025605901625
2021-08-22,18.616099653022673,-0.05372188213690876
2021-08-23,18.69340183340918,0.07730218038650705
2021-08-24,18.7677894584023,0.0743876249931219
2021-08-25,18.83436078660662,0.06657132820431855
2021-08-26,18.985573406203528,0.15121261959690813
2021-08-27,19.243034693408266,0.2574612872047375
2021-08-28,19.272283593904323,0.029248900496057217
2021-08-29,19.150534706426622,-0.12174888747770041
2021-08-30,19.384568180433185,0.23403347400656216
2021-08-31,19.464171511684608,0.07960333125142327
2021-09-01,20.109133383838383,0.6449618721537753
2021-09-02,20.04690999479901,-0.06222338903937441
2021-09-03,20.349116488014115,0.30220649321510606
2021-09-04,20.437724621438075,0.08860813342396057
2021-09-05,20.445285290988288,0.0075606695502123955
2021-09-06,20.38291241868438,-0.0623728723039072
2021-09-07,20.93896581345126,0.5560533947668809
2021-09-08,21.264154883609336,0.32518907015807486
2021-09-09,21.27677943359609,0.012624549986753664
2021-09-10,21.343987209236655,0.0672077756405649
2021-09-11,21.471134585299325,0.1271473760626698
2021-09-12,21.722794798862253,0.25166021356292845
2021-09-13,21.862059718822774,0.13926491996052093
2021-09-14,21.826343787864506,-0.035715930958268416
2021-09-15,22.06790004256207,0.2415562546975636
2021-09-16,22.06740865184465,-0.0004913907174177723
2021-09-17,22.17136233378388,0.1039536819392275
2021-09-18,22.183125683691124,0.011763349907244702
2021-09-19,22.077039865564053,-0.1060858181270703
2021-09-20,22.93365666437136,0.8566167988073055
2021-09-21,23.332658684634275,0.3990020202629161
2021-09-22,23.30139001126795,-0.03126867336632344
2021-09-23,23.426098069413143,0.12470805814519181
2021-09-24,24.092463904312492,0.6663658348993486
2021-09-25,24.165410877924828,0.0729469736123356
2021-09-26,24.595578815996348,0.43016793807152
2021-09-27,24.845978762299858,0.25039994630351003
2021-09-28,24.80865508027559,-0.037323682024268834
2021-09-29,24.763547192023875,-0.045107888251713746
2021-09-30,24.77886765377074,0.015320461746863856
2021-10-01,25.157439579179595,0.3785719254088562
2021-10-02,25.36679762249652,0.2093580433169251
2021-10-03,25.402581953852014,0.03578433135549375
2021-10-04,25.59694568531973,0.19436373146771757
2021-10-05,25.887630813739325,0.29068512841959304
2021-10-06,26.629931219570032,0.7423004058307079
2021-10-07,26.464200733149344,-0.16573048642068855
2021-10-08,26.39129188306081,-0.07290885008853465
2021-10-09,26.294899236041353,-0.09639264701945649
2021-10-10,26.42205052045795,0.1271512844165983
2021-10-11,26.81211574190981,0.3900652214518594
2021-10-12,26.924369529744826,0.11225378783501583
2021-10-13,27.262846550620985,0.3384770208761587
2021-10-14,27.42155082304018,0.1587042724191967
2021-10-15,27.576800513853062,0.1552496908128802
2021-10-16,27.740911423116454,0.16411090926339256
2021-10-17,27.98655647898284,0.24564505586638674
2021-10-18,28.19069859216486,0.20414211318201936
2021-10-19,28.34319485920134,0.15249626703647934
2021-10-20,28.471148208518066,0.12795334931672642
2021-10-21,29.0228817915281,0.5517335830100336
2021-10-22,28.944740457433717,-0.07814133409438284
2021-10-23,28.99489865981136,0.05015820237764146
2021-10-24,29.098807756711604,0.10390909690024586
2021-10-25,29.293400866323832,0.19459310961222798
2021-10-26,29.59127010518649,0.29786923886265626
2021-10-27,29.576338455120347,-0.014931650066142055
2021-10-28,30.021450829632816,0.445112374512469
2021-10-29,30.37082726765842,0.3493764380256046
2021-10-30,30.405334575826753,0.03450730816833314
2021-10-31,30.689468566096128,0.2841339902693747
2021-11-01,30.477036456043745,-0.21243211005238294
2021-11-02,30.56184212449234,0.08480566844859538
2021-11-03,30.44319053396176,-0.11865159053057894
2021-11-04,30.646628501555533,0.20343796759377142
2021-11-05,30.602753879394275,-0.04387462216125826
2021-11-06,31.016299038871843,0.4135451594775681
2021-11-07,31.231094732051005,0.21479569317916258
2021-11-08,31.467791004599356,0.23669627254835035
2021-11-09,31.338265736457505,-0.12952526814185106
2021-11-10,31.354998136688394,0.01673240023088951
2021-11-11,31.452821601159062,0.09782346447066814
2021-11-12,31.702707457921253,0.24988585676219088
2021-11-13,31.593306460657704,-0.10940099726354902
2021-11-14,31.731758977764493,0.13845251710678852
2021-11-15,32.09482624534578,0.36306726758128605
2021-11-16,32.762162603780915,0.6673363584351364
2021-11-17,32.8885215429739,0.1263589391929827
2021-11-18,33.16980356882543,0.2812820258515316
2021-11-19,33.33825704861343,0.16845347978799907
2021-11-20,33.33567392077848,-0.002583127834945742
2021-11-21,33.07228963812273,-0.26338428265574976
2021-11-22,33.514355786531816,0.44206614840908287
2021-11-23,33.769527312364225,0.25517152583240943
2021-11-24,33.905077057580314,0.13554974521608898
2021-11-25,34.422295577014935,0.5172185194346213
2021-11-26,35.323037117574096,0.9007415405591601
2021-11-27,35.149565753205685,-0.17347136436841026
2021-11-28,35.33207783937367,0.1825120861679821
2021-11-29,35.51111433876184,0.17903649938817523
2021-11-30,35.69626438537209,0.18515004661024648
2021-12-01,35.56299838271082,-0.13326600266126576
2021-12-02,35.667823929790316,0.10482554707949276
2021-12-03,36.36130298207362,0.6934790522833012
2021-12-04,36.44790599206404,0.08660300999041937
2021-12-05,36.62085183432698,0.17294584226294063
2021-12-06,36.79576231620146,0.174910481874484
2021-12-07,36.676528221104896,-0.1192340950965658
2021-12-08,36.80686345226346,0.13033523115856127
2021-12-09,37.097218112378535,0.29035466011507793
2021-12-10,37.20293792263333,0.10571981025479715
2021-12-11,37.40897296209734,0.20603503946400537
2021-12-12,37.33870328907884,-0.07026967301849396
2021-12-13,37.577481241150274,0.23877795207143038
2021-12-14,37.717553785520835,0.14007254437056105
2021-12-15,37.99700877762711,0.2794549921062739
2021-12-16,38.17940995110627,0.18240117347916396
2021-12-17,38.55450908329185,0.375099132185575
2021-12-18,38.55442662161603,-8.246167581660302e-05
2021-12-19,38.324537932523306,-0.22988868909272497
2021-12-20,39.00614394771137,0.6816060151880663
2021-12-21,38.90152917002665,-0.10461477768472349
2021-12-22,38.56680122714121,-0.3347279428854364
2021-12-23,38.40481984959149,-0.16198137754972208
2021-12-24,38.21817006576112,-0.18664978383036868
2021-12-25,38.249791635140056,0.031621569378934566
2021-12-26,38.11282812208222,-0.13696351305783594
2021-12-27,38.32475787477249,0.21192975269026704
2021-12-28,38.854146753139986,0.5293888783674987
2021-12-29,39.43686841782286,0.5827216646828717
2021-12-30,39.61865837383754,0.18178995601468273
2021-12-31,39.848353772459205,0.229695398621665
2022-01-01,40.068796879983495,0.22044310752428942
2022-01-02,39.93498282926406,-0.13381405071943675
2022-01-03,39.72169064321277,-0.21329218605129086
2022-01-04,40.43034771395109,0.708657070738326
2022-01-05,40.98901948400549,0.5586717700543957
2022-01-06,42.01851146491934,1.0294919809138534
2022-01-07,43.15005939552468,1.1315479306053362
2022-01-08,43.606518745723136,0.4564593501984575
2022-01-09,43.49631702051874,-0.11020172520439786
2022-01-10,43.8616660761198,0.36534905560106523
2022-01-11,43.98083644457338,0.11917036845357387
2022-01-12,44.568861755815306,0.5880253112419283
2022-01-13,44.585371229925435,0.01650947411012993
2022-01-14,44.83992885608938,0.25455762616394395
2022-01-15,45.07582722896655,0.2358983728771733
2022-01-16,45.16493959343093,0.08911236446437698
2022-01-17,45.52682587361447,0.3618862801835405
2022-01-18,45.26085414153877,-0.26597173207569824
2022-01-19,45.29146859225715,0.030614450718374542
2022-01-20,46.51576503744068,1.2242964451835334
2022-01-21,47.11029808629377,0.5945330488530871
2022-01-22,48.31074010763933,1.200442021345566
2022-01-23,49.845952692346316,1.5352125847069829
2022-01-24,50.5138462167593,0.6678935244129818
2022-01-25,50.82190465396368,0.3080584372043802
2022-01-26,51.3270436179521,0.5051389639884221
2022-01-27,51.844605625375635,0.5175620074235354
2022-01-28,52.131314948246086,0.2867093228704505
2022-01-29,52.65633843376984,0.5250234855237537
2022-01-30,52.5000068267562,-0.1563316070136409
2022-01-31,53.5978844747018,1.0978776479456016
2022-02-01,53.867309839077,0.26942536437520204
2022-02-02,53.60239088850331,-0.2649189505736942
2022-02-03,53.529509642165486,-0.07288124633782189
2022-02-04,54.5504599879056,1.0209503457401112
2022-02-05,54.52466683258054,-0.02579315532505433
2022-02-06,54.45508309522809,-0.0695837373524526
2022-02-07,54.57282157280982,0.11773847758173162
2022-02-08,55.31059681099774,0.7377752381879148
2022-02-09,55.72764847336423,0.4170516623664966
2022-02-10,56.34009319707328,0.6124447237090465
2022-02-11,56.72302712976762,0.3829339326943426
2022-02-12,56.638825939212055,-0.08420119055556796
2022-02-13,56.25848848229567,-0.38033745691638643
2022-02-14,55.92441688479125,-0.33407159750441906
2022-02-15,56.40638118449821,0.4819642997069593
2022-02-16,57.08398441416425,0.6776032296660404
2022-02-17,58.03347223083168,0.9494878166674283
2022-02-18,58.41631557061797,0.3828433397862909
2022-02-19,58.68065900341666,0.26434343279868955
2022-02-20,59.20357699854087,0.5229179951242102
2022-02-21,59.55052896204452,0.3469519635036491
2022-02-22,59.64404168277811,0.0935127207335924
2022-02-23,60.23410863624958,0.5900669534714709
2022-02-24,63.067105031163045,2.832996394913465
2022-02-25,63.526933827818894,0.45982879665584875
2022-02-26,63.344513635888596,-0.1824201919302979
2022-02-27,65.38998192381027,2.045468287921672
2022-02-28,65.5251924560889,0.13521053227863433
2022-03-01,65.51130939581076,-0.013883060278146786
2022-03-02,65.32919720536614,-0.18211219044461302
2022-03-03,65.90863252686066,0.5794353214945147
2022-03-04,65.47879859405029,-0.42983393281036797
2022-03-05,65.6875927327797,0.20879413872941655
2022-03-06,65.22885456609816,-0.45873816668154177
2022-03-07,65.38943514857309,0.16058058247492113
2022-03-08,65.61418726722978,0.22475211865669564
2022-03-09,65.51457196161321,-0.09961530561656673
2022-03-10,65.74398598107938,0.22941401946616224
2022-03-11,66.9765232475089,1.2325372664295173
2022-03-12,66.94816695426273,-0.028356293246162068
2022-03-13,67.09739389493625,0.14922694067351472
2022-03-14,67.43726217297106,0.3398682780348139
2022-03-15,67.71373316951161,0.27647099654055296
2022-03-16,67.76844431953843,0.0547111500268187
2022-03-17,67.94084584487113,0.17240152533270248
2022-03-18,68.9325281343641,0.9916822894929709
2022-03-19,68.87798853076043,-0.05453960360367205
2022-03-20,69.30305536011045,0.4250668293500155
2022-03-21,69.15233756843571,-0.15071779167473665
2022-03-22,69.16977646438221,0.017438895946497723
2022-03-23,69.79895464062757,0.629178176245361
2022-03-24,70.05149208005284,0.25253743942526796
2022-03-25,70.25610864602537,0.20461656597252897
2022-03-26,70.30834778291766,0.052239136892296756
2022-03-27,71.21372732427993,0.9053795413622652
2022-03-28,71.59045323803112,0.37672591375118714
2022-03-29,71.83319610647732,0.24274286844620008
2022-03-30,71.5867765596576,-0.24641954681972322
2022-03-31,71.87924404876301,0.29246748910541953
2022-04-01,71.54509803492428,-0.3341460138387333
2022-04-02,72.06726240846018,0.522164373535901
2022-04-03,72.34784483620363,0.2805824277434539
2022-04-04,72.26141029249594,-0.08643454370769632
2022-04-05,72.22379999567832,-0.037610296817618405
2022-04-06,73.56135849535859,1.33755849968027
2022-04-07,74.03331222224695,0.47195372688835846
2022-04-08,74.06717365617492,0.033861433927967255
2022-04-09,74.45238103022028,0.38520737404536476
2022-04-10,74.63275013380965,0.18036910358937064
2022-04-11,76.0455063090011,1.412756175191447
2022-04-12,76.09139008873248,0.045883779731383356
2022-04-13,76.52359733042185,0.43220724168936897
2022-04-14,77.54818460345527,1.0245872730334185
2022-04-15,77.4040254384157,-0.14415916503956794
2022-04-16,77.6123852855693,0.20835984715360212
2022-04-17,77.27658402547137,-0.33580126009793787
2022-04-18,78.16010628163149,0.8835222561601199
2022-04-19,77.7591911991097,-0.40091508252179153
2022-04-20,77.94370820504997,0.18451700594027898
2022-04-21,78.3303048713962,0.3865966663462217
2022-04-22,78.04927397614729,-0.2810308952489038
2022-04-23,77.81443735432197,-0.23483662182532328
2022-04-24,77.92427609975006,0.10983874542809247
2022-04-25,79.78568531739492,1.8614092176448622
2022-04-26,81.28614291703751,1.500457599642587
2022-04-27,81.49324110436544,0.2070981873279294
2022-04-28,81.62073606331893,0.12749495895349128
2022-04-29,82.42795088203442,0.8072148187154937
2022-04-30,83.16617000150231,0.7382191194678853
2022-05-01,83.48817064939543,0.32200064789311966
2022-05-02,83.64342977449023,0.15525912509480122
2022-05-03,83.82362997332122,0.18020019883098826
2022-05-04,84.05343514417352,0.2298051708523019
2022-05-05,85.59494576733738,1.541510623163859
2022-05-06,86.25718043736741,0.6622346700300312
2022-05-07,87.02049598913452,0.7633155517671071
2022-05-08,87.74131866566746,0.7208226765329471
2022-05-09,89.95220336423085,2.2108846985633903
2022-05-10,92.64731188704584,2.6951085228149907
2022-05-11,95.27161642702931,2.62430453998347
2022-05-12,100.08387616980072,4.812259742771403
2022-05-13,102.0425449266085,1.958668756807782
2022-05-14,102.96347253666366,0.9209276100551591
2022-05-15,103.79805696767622,0.8345844310125585
2022-05-16,104.55943470697164,0.7613777392954262
2022-05-17,105.292997020665,0.7335623136933549
2022-05-18,106.43327885903727,1.1402818383722746
2022-05-19,107.70321870054805,1.2699398415107765
2022-05-20,107.59964665789111,-0.10357204265693554
2022-05-21,107.72864030906594,0.12899365117482375
2022-05-22,108.70272588932659,0.974085580260649
2022-05-23,109.0577321288372,0.3550062395106153
2022-05-24,109.70397782350751,0.6462456946703128
2022-05-25,110.8115058125864,1.1075279890788892
2022-05-26,113.6079887550018,2.7964829424153947
2022-05-27,116.71508325078008,3.1070944957782842
2022-05-28,116.59688885435216,-0.11819439642792418
2022-05-29,116.21644783049928,-0.3804410238528817
2022-05-30,118.59417500114297,2.377727170643695
2022-05-31,118.38786232560042,-0.20631267554254862
2022-06-01,121.05969758837534,2.67183526277492
2022-06-02,120.89470228857559,-0.1649952997997559
2022-06-03,121.09566640739541,0.2009641188198259
2022-06-04,121.88864658429897,0.7929801769035549
2022-06-05,122.07011979231335,0.18147320801438127
2022-06-06,122.78527647999003,0.7151566876766822
2022-06-07,125.93313522977643,3.147858749786394
2022-06-08,126.12590756987589,0.19277234009946653
2022-06-09,126.14740476138824,0.021497191512352742
2022-06-10,129.02556346176792,2.8781587003796716
2022-06-11,131.67621958874773,2.6506561269798112
2022-06-12,131.91539962814454,0.23918003939681398
2022-06-13,137.60510103149346,5.68970140334892
2022-06-14,142.85975599364238,5.254654962148919
2022-06-15,150.86455746298213,8.004801469339753
2022-06-16,149.17170073351298,-1.692856729469156
2022-06-17,148.60246126422322,-0.5692394692897551
2022-06-18,150.88887327756348,2.2864120133402537
2022-06-19,152.1760747584093,1.2872014808458232
2022-06-20,151.11055537385243,-1.0655193845568647
2022-06-21,153.58689637838702,2.4763410045345893
2022-06-22,153.87955986722102,0.29266348883399473
2022-06-23,154.3511768252398,0.4716169580187852
2022-06-24,155.50120795623315,1.1500311309933409
2022-06-25,156.12387360311823,0.622665646885082
2022-06-26,155.8957922643671,-0.22808133875113867
2022-06-27,154.5815393708675,-1.3142528934995994
2022-06-28,156.81786988056587,2.2363305096983765
2022-06-29,157.918792185555,1.1009223049891261
2022-06-30,160.95606221876136,3.0372700332063687
2022-07-01,164.40027042748554,3.444208208724177
2022-07-02,165.71092621023325,1.310655782747716
2022-07-03,166.07408014092005,0.36315393068679214
2022-07-04,167.54814128627498,1.4740611453549377
2022-07-05,171.46860501034854,3.9204637240735565
2022-07-06,173.3420907274814,1.8734857171328656
2022-07-07,174.23302158477003,0.8909308572886232
2022-07-08,176.65333436481427,2.4203127800442417
2022-07-09,178.009682463306,1.3563480984917362
2022-07-10,178.33870157009045,0.32901910678444324
2022-07-11,178.69870917473511,0.3600076046446645
2022-07-12,180.45310275250213,1.7543935777670185
2022-07-13,185.04092392386585,4.587821171363714
2022-07-14,189.02014888423912,3.979224960373273
2022-07-15,190.38782341494218,1.3676745307030558
2022-07-16,196.01326306730343,5.625439652361251
2022-07-17,196.15829704706465,0.145033979761223
2022-07-18,197.8831464189298,1.7248493718651616
2022-07-19,197.12892975215897,-0.7542166667708443
2022-07-20,198.93870017616882,1.809770424009855
2022-07-21,202.99495491943705,4.0562547432682265
2022-07-22,205.2010952511579,2.20614033172086
2022-07-23,208.09704285433702,2.89594760317911
2022-07-24,211.39389873715808,3.2968558828210632
2022-07-25,216.39612939254891,5.002230655390832
2022-07-26,218.97174574936446,2.5756163568155443
2022-07-27,219.5016062258622,0.5298604764977313
2022-07-28,219.65796644751845,0.15636022165625718
2022-07-29,219.23361787635497,-0.4243485711634776
2022-07-30,221.21937285049287,1.9857549741379046
2022-07-31,219.0791337884655,-2.1402390620273763
2022-08-01,217.93298842094697,-1.1461453675185282
2022-08-02,218.75326572594207,0.820277304995102
2022-08-03,224.10737073757448,5.354105011632413
2022-08-04,222.98204509421979,-1.1253256433546994
2022-08-05,228.8502785877995,5.868233493579709
2022-08-06,230.43483230846132,1.5845537206618303
2022-08-07,230.0863969597896,-0.3484353486717282
2022-08-08,232.89169526177525,2.8052983019856583
2022-08-09,233.8370117761326,0.9453165143573585
2022-08-10,232.10096350047544,-1.7360482756571685
2022-08-11,235.74270011473433,3.641736614258889
2022-08-12,236.9694328773867,1.2267327626523752
2022-08-13,237.46543244039853,0.49599956301182146
2022-08-14,237.8762989051061,0.41086646470756705
2022-08-15,240.56384007613386,2.6875411710277604
2022-08-16,239.19741894494518,-1.3664211311886731
2022-08-17,243.3507786581152,4.153359713170005
2022-08-18,242.6665237413924,-0.6842549167227787
2022-08-19,249.92335142881268,7.2568276874202695
2022-08-20,248.40835497190835,-1.5149964569043277
2022-08-21,250.02041638628708,1.6120614143787293
2022-08-22,254.2728116059091,4.252395219622031
2022-08-23,256.649771867002,2.376960261092904
2022-08-24,256.7261917742667,0.07641990726466474
2022-08-25,256.60609695902804,-0.12009481523864451
2022-08-26,262.03726040398084,5.4311634449528015
2022-08-27,264.1546671130169,2.117406709036061
2022-08-28,263.9060305515257,-0.24863656149119606
2022-08-29,268.4406229658071,4.534592414281406
2022-08-30,267.0319919114533,-1.4086310543538048
2022-08-31,271.6000515753866,4.5680596639332975
2022-09-01,271.8721368678067,0.27208529242011537
2022-09-02,273.1403281286532,1.2681912608464927
2022-09-03,273.7572250989507,0.6168969702974891
2022-09-04,274.0289005409606,0.2716754420098937
2022-09-05,275.6577407145005,1.6288401735399134
2022-09-06,282.21358612841965,6.555845413919144
2022-09-07,284.3582688135175,2.144682685097848
2022-09-08,281.984415561089,-2.373853252428489
2022-09-09,286.2289784647973,4.2445629037082995
2022-09-10,286.1704922968733,-0.058486167924002075
2022-09-11,285.35630702074707,-0.8141852761262385
2022-09-12,286.3983517257047,1.0420447049576183
2022-09-13,288.8947720632217,2.4964203375170086
2022-09-14,289.47891395481184,0.58414189159015
2022-09-15,297.77484386046905,8.295929905657204
2022-09-16,300.58576478981,2.8109209293409663
2022-09-17,298.82274610413737,-1.7630186856726482
2022-09-18,305.93117677393803,7.1084306698006685
2022-09-19,314.7988478751344,8.867671101196379
2022-09-20,313.039138216433,-1.7597096587014107
2022-09-21,323.55426289731605,10.515124680883048
2022-09-22,326.7474255757129,3.1931626783968454
2022-09-23,328.3910695714789,1.6436439957660127
2022-09-24,326.3648530827536,-2.0262164887253107
2022-09-25,326.0575644928147,-0.307288589938878
2022-09-26,324.79199199248274,-1.2655725003319844
2022-09-27,333.4503780766227,8.658386084139977
2022-09-28,336.13201306457705,2.6816349879543395
2022-09-29,334.06940192596244,-2.0626111386146135
2022-09-30,335.31537939650576,1.2459774705433233
2022-10-01,334.6682423794679,-0.647137017037835
2022-10-02,337.10772522174983,2.4394828422819046
2022-10-03,338.40748631751035,1.2997610957605161
2022-10-04,341.4972149154699,3.0897285979595495
2022-10-05,340.0096828371901,-1.4875320782797985
2022-10-06,342.3624704144942,2.3527875773041274
2022-10-07,343.75989865945803,1.3974282449638054
2022-10-08,345.2611966703829,1.5012980109248701
2022-10-09,344.11666683629977,-1.14452983408313
2022-10-10,345.7577896105231,1.6411227742233336
2022-10-11,345.21534483736633,-0.5424447731567739
2022-10-12,344.7076567330996,-0.5076881042667196
2022-10-13,349.4836273634069,4.775970630307313
2022-10-14,349.48088158030293,-0.002745783103989652
2022-10-15,349.62777505849914,0.1468934781962048
2022-10-16,351.0263351412581,1.3985600827589337
2022-10-17,351.9440357070573,0.9177005657992368
2022-10-18,350.9879807074985,-0.9560549995588303
2022-10-19,352.8262337687795,1.8382530612810228
2022-10-20,352.0570170873827,-0.7692166813968129
2022-10-21,353.00730674132444,0.950289653941752
2022-10-22,353.87131909710996,0.864012355785519
2022-10-23,358.2429106108407,4.371591513730721
2022-10-24,358.1782226890533,-0.06468792178736749
2022-10-25,366.6293355571792,8.451112868125904
2022-10-26,363.4192140557454,-3.2101215014338322
2022-10-27,362.3561727062198,-1.0630413495255766
2022-10-28,363.90967172896364,1.5534990227438357
2022-10-29,365.692171978463,1.7825002494993782
2022-10-30,367.4186545861563,1.726482607693299
2022-10-31,370.74633695070975,3.327682364553425
2022-11-01,371.25707151578257,0.5107345650728234
2022-11-02,374.78949760364543,3.5324260878628593
2022-11-03,371.07935350941415,-3.710144094231282
2022-11-04,373.53433699185115,2.454983482437001
2022-11-05,372.97984154044093,-0.5544954514102187
2022-11-06,375.6375064897981,2.6576649493571836
2022-11-07,373.608401308047,-2.029105181751106
2022-11-08,382.30515009326956,8.696748785222553
2022-11-09,389.8045564530559,7.499406359786349
2022-11-10,388.7476069675705,-1.0569494854854042
2022-11-11,397.62265836503025,8.875051397459742
2022-11-12,394.0198882007848,-3.6027701642454417
2022-11-13,395.6712558511586,1.6513676503737997
2022-11-14,401.4519800717667,5.780724220608079
2022-11-15,403.7825776647282,2.33059759296151
2022-11-16,407.0877010180255,3.30512335329729
2022-11-17,405.3363018028058,-1.751399215219692
2022-11-18,404.13898734993376,-1.1973144528720354
2022-11-19,404.49546534350384,0.35647799357008125
2022-11-20,401.7437426613484,-2.751722682155446
2022-11-21,402.98403582360436,1.2402931622559663
2022-11-22,409.6373543612702,6.653318537665825
2022-11-23,413.9699866103423,4.332632249072105
2022-11-24,415.6450722059301,1.6750855955878023
2022-11-25,413.70234901303627,-1.9427231928938227
2022-11-26,414.22417777138224,0.5218287583459755
2022-11-27,412.2830509108918,-1.9411268604904421
2022-11-28,414.3520751973159,2.06902428642411
2022-11-29,416.9207003280516,2.568625130735711
2022-11-30,422.86555734192274,5.944857013871115
2022-12-01,419.6185222236363,-3.247035118286419
2022-12-02,417.9928324526705,-1.6256897709658347
2022-12-03,421.9234357785217,3.930603325851223
2022-12-04,424.47220740289896,2.5487716243772525
2022-12-05,424.7315112758026,0.25930387290361523
2022-12-06,423.5917954038396,-1.1397158719629488
2022-12-07,422.9206764106337,-0.6711189932059369
2022-12-08,426.3718667868534,3.4511903762196994
2022-12-09,427.98439497745716,1.6125281906037685
2022-12-10,428.2255443425476,0.24114936509045037
2022-12-11,427.9192744738041,-0.30626986874352724
2022-12-12,427.477437958091,-0.4418365157130779
2022-12-13,428.9154131873673,1.437975229276276
2022-12-14,428.02706986638174,-0.8883433209855411
2022-12-15,432.35407879381773,4.3270089274359975
2022-12-16,436.93222414805876,4.57814535424103
2022-12-17,435.3236330506186,-1.6085910974401827
2022-12-18,434.67283309827025,-0.6507999523483363
2022-12-19,434.63864328820483,-0.03418981006541344
2022-12-20,435.15923818667954,0.5205948984747124
2022-12-21,434.4914101826026,-0.6678280040769664
2022-12-22,432.6716873867201,-1.8197227958824556
2022-12-23,432.9366148379993,0.2649274512791635
2022-12-24,433.01246100348646,0.07584616548717804
2022-12-25,431.33023321794536,-1.6822277855411016
2022-12-26,432.0757130094644,0.745479791519017
2022-12-27,430.6374802759697,-1.438232733494658
2022-12-28,432.98660333079386,2.3491230548241333
2022-12-29,433.80930776333923,0.822704432545379
2022-12-30,433.63392816893605,-0.17537959440318218
2022-12-31,433.2690078948673,-0.3649202740687656
2023-01-01,433.6252136549284,0.3562057600611297
2023-01-02,435.1930064673247,1.5677928123963056
2023-01-03,435.2898805637232,0.0968740963984942
2023-01-04,435.50489343945276,0.21501287572954197
2023-01-05,434.89855657945975,-0.6063368599930072
2023-01-06,435.8913911490375,0.9928345695777239
2023-01-07,435.4148846902519,-0.47650645878559317
2023-01-08,437.54300215716967,2.128117466917786
2023-01-09,444.2523947008519,6.709392543682213
2023-01-10,442.3007316711473,-1.951663029704605
2023-01-11,446.6558038514773,4.355072180330012
2023-01-12,448.1132993262023,1.4574954747250217
2023-01-13,451.5226226340985,3.4093233078962157
2023-01-14,461.7465998947657,10.223977260667198
2023-01-15,461.5846049174504,-0.16199497731531665
2023-01-16,464.3367802415229,2.752175324072482
2023-01-17,462.94097078769846,-1.3958094538244268
2023-01-18,467.2214906545823,4.280519866883822
2023-01-19,464.70340799170447,-2.5180826628778163
2023-01-20,473.64175028824616,8.938342296541691
2023-01-21,470.576117347366,-3.065632940880164
2023-01-22,469.0944954855508,-1.4816218618151993
2023-01-23,465.62588339433955,-3.4686120912112415
2023-01-24,472.41008220889205,6.7841988145524965
2023-01-25,469.5229376248752,-2.8871445840168235
2023-01-26,469.7002885260185,0.17735090114325658
2023-01-27,472.0405709076785,2.3402823816600176
2023-01-28,472.743314640323,0.7027437326444783
2023-01-29,476.328796597599,3.585481957276045
2023-01-30,484.57416101984154,8.245364422242517
2023-01-31,486.30789008207563,1.7337290622340902
2023-02-01,485.0833662227973,-1.2245238592783494
2023-02-02,490.3490970499634,5.265730827166124
2023-02-03,487.5648364005596,-2.784260649403791
2023-02-04,486.43083889930335,-1.1339975012562604
2023-02-05,490.0403151149784,3.609476215675045
2023-02-06,489.6324388549588,-0.40787626001957733
2023-02-07,494.13160659206403,4.499167737105211
2023-02-08,496.9863329931251,2.8547264010610434
2023-02-09,499.1485725709675,2.1622395778423993
2023-02-10,496.3981387953146,-2.75043377565288
2023-02-11,498.2271213694255,1.8289825741109098
2023-02-12,495.3834202774392,-2.843701091986304
2023-02-13,495.8391511267938,0.45573084935460884
2023-02-14,497.356710610702,1.517559483908201
2023-02-15,507.7175309637531,10.36082035305111
2023-02-16,510.884889774775,3.1673588110218702
2023-02-17,513.118684155285,2.2337943805100053
2023-02-18,513.3455124258464,0.22682827056144106
2023-02-19,512.1621924716916,-1.1833199541548538
2023-02-20,517.4694595298222,5.307267058130606
2023-02-21,518.6182760894877,1.1488165596655335
2023-02-22,523.6430934927918,5.024817403304041
2023-02-23,527.7428046805185,4.099711187726712
2023-02-24,531.9366433236494,4.193838643130903
2023-02-25,532.0875723768826,0.15092905323319883
2023-02-26,534.5853234259132,2.497751049030626
2023-02-27,534.0833703941346,-0.5019530317786121
2023-02-28,536.9265881942606,2.8432178001260127
2023-03-01,538.9241416396546,1.9975534453940327
2023-03-02,539.199350501987,0.2752088623324198
2023-03-03,546.8835466446577,7.6841961426706575
2023-03-04,547.1528501880465,0.26930354338878715
2023-03-05,545.4822245187155,-1.6706256693310024
2023-03-06,543.4724142643239,-2.0098102543915957
2023-03-07,542.6184204751773,-0.853993789146557
2023-03-08,545.5701992524085,2.9517787772311976
2023-03-09,541.9879889958875,-3.58221025652108
2023-03-10,556.5556920068137,14.567703010926266
2023-03-11,563.8622184693945,7.306526462580791
2023-03-12,577.8242630623545,13.962044592959955
2023-03-13,574.4233732068701,-3.4008898554843654
2023-03-14,585.2511245260412,10.827751319171057
2023-03-15,588.672890234427,3.4217657083858057
2023-03-16,590.3894192469288,1.7165290125018373
2023-03-17,609.7416713316643,19.352252084735483
2023-03-18,611.7031224691391,1.9614511374747963
2023-03-19,614.8461416424313,3.1430191732922594
2023-03-20,616.8630412729244,2.0168996304930715
2023-03-21,622.4387542828898,5.575713009965398
2023-03-22,617.564181116069,-4.874573166820824
2023-03-23,626.2474668720215,8.683285755952511
2023-03-24,635.4106685913353,9.163201719313747
2023-03-25,639.050636393173,3.63996780183777
2023-03-26,640.7370554961751,1.6864191030020947
2023-03-27,648.1080536802996,7.37099818412446
2023-03-28,650.4694594400037,2.3614057597040983
2023-03-29,650.9930576318493,0.5235981918456218
2023-03-30,649.1264124283313,-1.8666452035180328
2023-03-31,644.7079584821776,-4.418453946153704
2023-04-01,644.9282482073834,0.22028972520581647
2023-04-02,645.9111032365541,0.9828550291707643
2023-04-03,643.2580630129806,-2.6530402235734982
2023-04-04,648.2105407908747,4.952477777894046
2023-04-05,652.1546549982465,3.944114207371854
2023-04-06,654.176836231712,2.0221812334654032
2023-04-07,656.3203307874555,2.1434945557435867
2023-04-08,654.6508270025404,-1.6695037849151504
2023-04-09,656.1282259562302,1.4773989536897716
2023-04-10,659.2284024181572,3.100176461927049
2023-04-11,659.0788176828514,-0.14958473530577976
2023-04-12,657.6437674348751,-1.4350502479762781
2023-04-13,662.1504728073207,4.5067053724455945
2023-04-14,673.3903814670854,11.239908659764637
2023-04-15,672.3857276697665,-1.0046537973188379
2023-04-16,675.3816073618308,2.99587969206425
2023-04-17,673.0171517478777,-2.364455613953055
2023-04-18,670.7922395265775,-2.224912221300201
2023-04-19,682.4962672991899,11.704027772612335
2023-04-20,680.6815462993633,-1.8147209998265907
2023-04-21,691.0840310346346,10.402484735271287
2023-04-22,693.4134056173825,2.3293745827479597
2023-04-23,691.8812860637695,-1.532119553613029
2023-04-24,691.9665319206481,0.08524585687860053
2023-04-25,694.5245084644272,2.557976543779091
2023-04-26,703.0085540392131,8.48404557478591
2023-04-27,710.8582730873856,7.84971904817246
2023-04-28,711.4075581923373,0.549285104951764
2023-04-29,710.1309629198587,-1.2765952724786302
2023-04-30,709.2567783212521,-0.8741845986065755
2023-05-01,716.7032232011086,7.446444879856472
2023-05-02,717.7577290825509,1.05450588144231
2023-05-03,721.0786647717512,3.320935689200269
2023-05-04,722.6560196702733,1.5773548985221169
2023-05-05,725.6686825588951,3.012662888621776
2023-05-06,733.7543130664429,8.085630507547876
2023-05-07,732.1641998407515,-1.5901132256914252
2023-05-08,733.879929817703,1.7157299769514793
2023-05-09,734.0675649463551,0.1876351286521185
2023-05-10,733.4196100267473,-0.6479549196078551
2023-05-11,738.4464388014507,5.026828774703404
2023-05-12,750.1514143255994,11.704975524148722
2023-05-13,749.5013952334118,-0.6500190921875628
2023-05-14,745.9339494175614,-3.5674458158504194
2023-05-15,745.7821737407197,-0.15177567684168025
2023-05-16,744.6858160963604,-1.0963576443592729
2023-05-17,741.3898178565674,-3.2959982397929934
2023-05-18,740.0049542618763,-1.3848635946911827
2023-05-19,737.7909357833715,-2.2140184785047268
2023-05-20,736.589850057163,-1.2010857262085892
2023-05-21,735.6575790609173,-0.9322709962456202
2023-05-22,735.1603219599052,-0.49725710101211007
2023-05-23,740.8347741733143,5.67445221340904
2023-05-24,747.5984543140966,6.763680140782299
2023-05-25,744.9765863966508,-2.6218679174457975
2023-05-26,746.6366694125422,1.6600830158914732
2023-05-27,745.9845372263964,-0.6521321861458773
2023-05-28,753.027666517785,7.0431292913885954
2023-05-29,754.1219205084205,1.0942539906355933
2023-05-30,750.9988146156378,-3.123105892782746
2023-05-31,751.3570955698646,0.3582809542267569
2023-06-01,748.5720643023959,-2.7850312674686393
2023-06-02,754.021748762538,5.449684460142066
2023-06-03,754.5113465699202,0.4895978073822107
2023-06-04,754.359046874313,-0.15229969560721202
2023-06-05,764.0406977006149,9.681650826301961
2023-06-06,772.8755596448625,8.834861944247564
2023-06-07,771.877412061541,-0.9981475833214972
2023-06-08,767.3842690072586,-4.493143054282427
2023-06-09,768.433663226463,1.0493942192043733
2023-06-10,777.9545372073309,9.520873980867918
2023-06-11,777.1427609669314,-0.8117762403994675
2023-06-12,778.3157344852011,1.172973518269714
2023-06-13,778.9208821866717,0.6051477014706279
2023-06-14,792.3606804254258,13.439798238754065
2023-06-15,792.096010958445,-0.264669466980763
2023-06-16,793.7432254111663,1.6472144527213004
2023-06-17,797.9476613224052,4.204435911238875
2023-06-18,795.8084024126922,-2.1392589097130212
2023-06-19,791.3254283455227,-4.4829740671694935
2023-06-20,788.6810349439279,-2.6443934015948116
2023-06-21,800.1303879410091,11.449352997081178
2023-06-22,805.715637106838,5.585249165828941
2023-06-23,811.9415710434563,6.225933936618276
2023-06-24,814.1356456288369,2.1940745853805765
2023-06-25,808.403437458783,-5.732208170053923
2023-06-26,807.8124048691611,-0.5910325896218183
2023-06-27,813.3098941624295,5.497489293268359
2023-06-28,818.4532720301537,5.143377867724212
2023-06-29,813.3040889036529,-5.149183126500816
2023-06-30,818.3517520924167,5.047663188763863
2023-07-01,815.6107762344668,-2.740975857949934
2023-07-02,814.7378772112187,-0.8728990232481237
2023-07-03,817.2450188131934,2.507141601974695
2023-07-04,815.2352658271191,-2.009752986074318
2023-07-05,813.3880025566497,-1.8472632704693979
2023-07-06,817.2685467951392,3.880544238489506
2023-07-07,820.4926401540421,3.2240933589029055
2023-07-08,819.561542490023,-0.9310976640190347
2023-07-09,819.2670928014018,-0.2944496886212846
2023-07-10,822.8476723306147,3.5805795292129687
2023-07-11,820.9838881174152,-1.8637842131995512
2023-07-12,820.2330083755244,-0.7508797418907989
2023-07-13,835.8268566232418,15.59384824771746
2023-07-14,846.4667620576006,10.639905434358752
2023-07-15,845.7969323642989,-0.6698296933017218
2023-07-16,844.9886536202166,-0.8082787440822585
2023-07-17,845.5140662050002,0.5254125847835667
2023-07-18,847.5956437614251,2.081577556424918
2023-07-19,848.3304736797567,0.7348299183315703
2023-07-20,841.7425254290074,-6.587948250749264
2023-07-21,841.654492621947,-0.08803280706035821
2023-07-22,839.6552752616788,-1.9992173602682897
2023-07-23,840.3835698553672,0.7282945936884744
2023-07-24,837.750253041888,-2.6333168134792686
2023-07-25,836.9536876538089,-0.7965653880791024
2023-07-26,836.1991595178024,-0.7545281360064564
2023-07-27,837.3545953304591,1.1554358126567195
2023-07-28,834.949181762928,-2.4054135675311272
2023-07-29,835.8216289433987,0.8724471804706582
2023-07-30,834.5120520343024,-1.3095769090962222
2023-07-31,833.0282290725115,-1.4838229617909064
2023-08-01,841.1042677577256,8.07603868521403
2023-08-02,844.666549868257,3.5622821105314415
2023-08-03,844.7301329109137,0.06358304265665993
2023-08-04,845.8178087895528,1.0876758786391747
2023-08-05,846.3294701424593,0.511661352906458
2023-08-06,845.3133260857278,-1.0161440567314912
2023-08-07,843.7940188075809,-1.5193072781469255
2023-08-08,847.7786255269359,3.9846067193550425
2023-08-09,846.173625297968,-1.6050002289679242
2023-08-10,845.562006682498,-0.611618615469979
2023-08-11,846.115314702112,0.5533080196139508
2023-08-12,846.0331402437533,-0.08217445835862236
2023-08-13,847.1904305323023,1.1572902885490066
2023-08-14,846.5261869939044,-0.6642435383979546
2023-08-15,848.7736584300095,2.2474714361051156
2023-08-16,851.2343498973107,2.460691467301217
2023-08-17,893.3655562681853,42.131206370874565
2023-08-18,891.0829560453366,-2.282600222848714
2023-08-19,889.4440151152111,-1.6389409301255
2023-08-20,887.8571807575265,-1.5868343576845518
2023-08-21,886.7654311843714,-1.0917495731550844
2023-08-22,891.154489335472,4.389058151100585
2023-08-23,892.8951034401844,1.7406141047123356
2023-08-24,887.4176014247735,-5.4775020154108915
2023-08-25,884.5930427644507,-2.8245586603227366
2023-08-26,885.874304257321,1.2812614928702715
2023-08-27,883.2769546431847,-2.5973496141363057
2023-08-28,883.8820784255033,0.6051237823186284
2023-08-29,884.708730635949,0.8266522104456726
2023-08-30,881.9269715158938,-2.7817591200551988
2023-08-31,891.7723520056796,9.845380489785839
2023-09-01,899.9286750931321,8.156323087452506
2023-09-02,901.0581996714469,1.129524578314772
2023-09-03,901.0032228114405,-0.05497686000637714
2023-09-04,899.6787802749209,-1.3244425365196548
2023-09-05,900.5400844150223,0.8613041401014243
2023-09-06,900.4667819350137,-0.07330248000857864
2023-09-07,902.6558605425445,2.189078607530746
2023-09-08,903.9613102400095,1.3054496974650647
2023-09-09,904.1407468751798,0.17943663517030473
2023-09-10,907.6400395082292,3.499292633049322
2023-09-11,913.2277371428607,5.587697634631581
2023-09-12,917.9176986062588,4.689961463398049
2023-09-13,911.2440048946993,-6.673693711559508
2023-09-14,910.852417574118,-0.3915873205812659
2023-09-15,914.0442471716341,3.1918295975160618
2023-09-16,912.3826776501425,-1.6615695214916286
2023-09-17,909.9113665482682,-2.471311101874221
2023-09-18,919.7104989769998,9.799132428731582
2023-09-19,918.5400132126908,-1.170485764308978
2023-09-20,921.4399193543353,2.8999061416444647
2023-09-21,926.4726912853686,5.032771931033267
2023-09-22,928.2548337570285,1.7821424716598813
2023-09-23,927.8527543225357,-0.4020794344927481
2023-09-24,925.8880080902328,-1.9647462323029004
2023-09-25,920.2257467224247,-5.662261367808128
2023-09-26,920.6376316782771,0.4118849558524289
2023-09-27,925.5482092971519,4.910577618874754
2023-09-28,931.899361212492,6.351151915340097
2023-09-29,926.0672181639039,-5.832143048588023
2023-09-30,924.7957399255693,-1.27147823833468
2023-10-01,935.5111526407852,10.715412715215962
2023-10-02,937.7840268318699,2.2728741910847248
2023-10-03,938.8747930193881,1.0907661875181702
2023-10-04,943.9942897311118,5.119496711723741
2023-10-05,943.2700424284907,-0.7242473026211655
2023-10-06,943.6213810391591,0.3513386106684493
2023-10-07,941.7460898297505,-1.8752912094086014
2023-10-08,938.3908453860105,-3.355244443740048
2023-10-09,938.9613895819646,0.5705441959540849
2023-10-10,937.2304458317238,-1.7309437502407263
2023-10-11,937.7437338927841,0.5132880610602797
2023-10-12,942.7172141199742,4.973480227190066
2023-10-13,945.0263037027162,2.30908958274199
2023-10-14,945.8045864863814,0.7782827836651904
2023-10-15,945.9076215593963,0.1030350730148939
2023-10-16,956.2375530187431,10.32993145934688
2023-10-17,950.0414042228172,-6.1961487959259784
2023-10-18,947.3302780089195,-2.7111262138976144
2023-10-19,945.7945840565519,-1.5356939523676374
2023-10-20,950.270655766731,4.476071710179099
2023-10-21,949.2655617967548,-1.0050939699762012
2023-10-22,955.7373081403107,6.471746343555878
2023-10-23,971.4909158073104,15.753607666999756
2023-10-24,977.856942883717,6.366027076406567
2023-10-25,983.6384725580514,5.781529674334365
2023-10-26,996.3275134845339,12.689040926482562
2023-10-27,1002.3788229574757,6.051309472941739
2023-10-28,1001.388752448094,-0.9900705093816669
2023-10-29,1004.9048590173704,3.516106569276417
2023-10-30,1005.7427374568015,0.8378784394310514
2023-10-31,1001.2531960380478,-4.489541418753674
2023-11-01,995.0697186188546,-6.183477419193196
2023-11-02,997.9789765249766,2.9092579061219794
2023-11-03,995.4448400167407,-2.5341365082358607
2023-11-04,997.4771208949365,2.03228087819582
